путь,тип,описание
assets/styles/global.css,file,Глобальные CSS стили для всего приложения
assets/fonts/,directory,Кастомные шрифты приложения
assets/images/,directory,Изображения и иконки для интерфейса
assets/icons/,directory,Иконки для UI компонентов
assets/locales/,directory,Файлы локализации (i18n)

Расшифровка компонентов:

assets/styles/global.css - Содержит глобальные стили:

Сброс браузерных стилей
Переменные цветовой схемы
Базовые типографические стили
Общие стили для элементов форм
Анимации и переходы
Адаптивные медиа-запросы

assets/fonts/ - Директория для шрифтов:

SegoeUI.woff2 - Основной шрифт интерфейса
SegoeUI-Bold.woff2 - Жирное начертание
SegoeUI-Italic.woff2 - Курсивное начертание

assets/images/ - Графические ресурсы:

logo.svg - Логотип системы поддержки
auth-bg.jpg - Фоновое изображение для экранов авторизации
empty-state.png - Иллюстрация для пустых состояний

assets/icons/ - SVG иконки компонентов:

ticket.svg - Иконка заявки
user.svg - Иконка пользователя
settings.svg - Иконка настроек
plus-circle.svg - Иконка создания
help.svg - Иконка помощи

assets/locales/ - Файлы локализации:

en.json - Английская версия интерфейса
ru.json - Русская версия интерфейса
kz.json - Казахская версия интерфейса

Все ресурсы организованы в соответствии с best practices для React-приложений и поддерживают:
Древовидную структуру для удобной навигации
Оптимизацию загрузки ресурсов
Автоматическую обработку сборщиком (Webpack/Vite)
Поддержку tree-shaking для CSS и шрифтов
Ленивую загрузку локализаций